batch_size,repeat,timepoints,spins,samples,t_gpu_s,t_build_s,t_split_s,t_total_s,pct_gpu,pct_overhead,gpu_name,started_at,finished_at,checksum,mem_total_B,mem_free_before_B,mem_used_before_B,mem_free_after_B,mem_used_after_B,mem_used_after_pct
1,1,1000,100,1000,22.471838,0.000027,0.583518,23.746896,94.63,5.37,Tesla T4,2025-08-27 09:47:25,2025-08-27 09:47:49,4.476923e+04,15642329088,15490351104,151977984,15490351104,151977984,0.97
1,2,1000,100,1000,22.323249,0.000013,0.000202,22.323695,100.00,0.00,Tesla T4,2025-08-27 09:47:50,2025-08-27 09:48:13,4.476923e+04,15642329088,15523905536,118423552,15490351104,151977984,0.97
1,3,1000,100,1000,22.459618,0.000022,0.000185,22.460029,100.00,0.00,Tesla T4,2025-08-27 09:48:13,2025-08-27 09:48:36,4.476923e+04,15642329088,15523905536,118423552,15490351104,151977984,0.97
1,4,1000,100,1000,22.382927,0.000011,0.000196,22.383359,100.00,0.00,Tesla T4,2025-08-27 09:48:36,2025-08-27 09:48:58,4.476923e+04,15642329088,15523905536,118423552,15490351104,151977984,0.97
1,5,1000,100,1000,22.293500,0.000019,0.000195,22.293961,100.00,0.00,Tesla T4,2025-08-27 09:48:59,2025-08-27 09:49:21,4.476923e+04,15642329088,15523905536,118423552,15490351104,151977984,0.97
1,6,1000,100,1000,22.549608,0.000015,0.000201,22.550057,100.00,0.00,Tesla T4,2025-08-27 09:49:22,2025-08-27 09:49:44,4.476923e+04,15642329088,15523905536,118423552,15490351104,151977984,0.97
1,7,1000,100,1000,22.268657,0.000021,0.000224,22.269158,100.00,0.00,Tesla T4,2025-08-27 09:49:45,2025-08-27 09:50:07,4.476923e+04,15642329088,15523905536,118423552,15490351104,151977984,0.97
1,8,1000,100,1000,22.324667,0.000017,0.000178,22.325099,100.00,0.00,Tesla T4,2025-08-27 09:50:07,2025-08-27 09:50:30,4.476923e+04,15642329088,15523905536,118423552,15490351104,151977984,0.97
5,1,1000,500,5000,22.456238,0.000149,0.000632,22.457229,100.00,0.00,Tesla T4,2025-08-27 09:50:30,2025-08-27 09:50:52,1.698332e+05,15642329088,15523905536,118423552,15490351104,151977984,0.97
5,2,1000,500,5000,22.537626,0.000221,0.000643,22.538723,100.00,0.00,Tesla T4,2025-08-27 09:50:53,2025-08-27 09:51:15,1.698332e+05,15642329088,15523905536,118423552,15490351104,151977984,0.97
5,3,1000,500,5000,22.695145,0.000213,0.000630,22.696205,100.00,0.00,Tesla T4,2025-08-27 09:51:16,2025-08-27 09:51:39,1.698332e+05,15642329088,15523905536,118423552,15490351104,151977984,0.97
5,4,1000,500,5000,22.634920,0.000221,0.000662,22.636025,100.00,0.00,Tesla T4,2025-08-27 09:51:39,2025-08-27 09:52:02,1.698332e+05,15642329088,15523905536,118423552,15490351104,151977984,0.97
5,5,1000,500,5000,22.938317,0.000215,0.000687,22.939437,100.00,0.00,Tesla T4,2025-08-27 09:52:02,2025-08-27 09:52:25,1.698332e+05,15642329088,15523905536,118423552,15490351104,151977984,0.97
5,6,1000,500,5000,23.039106,0.000213,0.000699,23.040255,100.00,0.00,Tesla T4,2025-08-27 09:52:25,2025-08-27 09:52:49,1.698332e+05,15642329088,15523905536,118423552,15490351104,151977984,0.97
5,7,1000,500,5000,22.587180,0.000216,0.000671,22.588295,100.00,0.00,Tesla T4,2025-08-27 09:52:49,2025-08-27 09:53:12,1.698332e+05,15642329088,15523905536,118423552,15490351104,151977984,0.97
5,8,1000,500,5000,22.578975,0.000202,0.000680,22.580080,100.00,0.00,Tesla T4,2025-08-27 09:53:12,2025-08-27 09:53:35,1.698332e+05,15642329088,15523905536,118423552,15490351104,151977984,0.97
10,1,1000,1000,10000,23.034787,0.000203,0.001379,23.036593,99.99,0.01,Tesla T4,2025-08-27 09:53:35,2025-08-27 09:53:58,2.648259e+05,15642329088,15523905536,118423552,15490351104,151977984,0.97
10,2,1000,1000,10000,22.976156,0.000060,0.001205,22.977635,99.99,0.01,Tesla T4,2025-08-27 09:53:58,2025-08-27 09:54:21,2.648259e+05,15642329088,15523905536,118423552,15490351104,151977984,0.97
10,3,1000,1000,10000,22.736412,0.000067,0.001148,22.737850,99.99,0.01,Tesla T4,2025-08-27 09:54:22,2025-08-27 09:54:45,2.648259e+05,15642329088,15523905536,118423552,15490351104,151977984,0.97
10,4,1000,1000,10000,23.093810,0.000078,0.001186,23.095303,99.99,0.01,Tesla T4,2025-08-27 09:54:45,2025-08-27 09:55:08,2.648259e+05,15642329088,15523905536,118423552,15490351104,151977984,0.97
10,5,1000,1000,10000,22.636710,0.000074,0.001175,22.638189,99.99,0.01,Tesla T4,2025-08-27 09:55:09,2025-08-27 09:55:31,2.648259e+05,15642329088,15523905536,118423552,15490351104,151977984,0.97
10,6,1000,1000,10000,22.630653,0.000060,0.001165,22.632087,99.99,0.01,Tesla T4,2025-08-27 09:55:32,2025-08-27 09:55:54,2.648259e+05,15642329088,15523905536,118423552,15490351104,151977984,0.97
10,7,1000,1000,10000,23.210425,0.000060,0.001158,23.211850,99.99,0.01,Tesla T4,2025-08-27 09:55:55,2025-08-27 09:56:18,2.648259e+05,15642329088,15523905536,118423552,15490351104,151977984,0.97
10,8,1000,1000,10000,23.030654,0.000058,0.001176,23.032121,99.99,0.01,Tesla T4,2025-08-27 09:56:18,2025-08-27 09:56:41,2.648259e+05,15642329088,15523905536,118423552,15490351104,151977984,0.97
50,1,1000,5000,50000,25.502304,0.000112,0.004987,25.507611,99.98,0.02,Tesla T4,2025-08-27 09:56:42,2025-08-27 09:57:07,5.054251e+05,15642329088,15523905536,118423552,15423242240,219086848,1.40
50,2,1000,5000,50000,24.370168,0.000143,0.005200,24.375732,99.98,0.02,Tesla T4,2025-08-27 09:57:08,2025-08-27 09:57:32,5.054251e+05,15642329088,15523905536,118423552,15423242240,219086848,1.40
50,3,1000,5000,50000,24.056229,0.000167,0.005114,24.061739,99.98,0.02,Tesla T4,2025-08-27 09:57:33,2025-08-27 09:57:57,5.054251e+05,15642329088,15523905536,118423552,15423242240,219086848,1.40
50,4,1000,5000,50000,24.119259,0.000261,0.005093,24.124833,99.98,0.02,Tesla T4,2025-08-27 09:57:57,2025-08-27 09:58:21,5.054251e+05,15642329088,15523905536,118423552,15423242240,219086848,1.40
50,5,1000,5000,50000,24.197186,0.000262,0.005134,24.202801,99.98,0.02,Tesla T4,2025-08-27 09:58:22,2025-08-27 09:58:46,5.054251e+05,15642329088,15523905536,118423552,15423242240,219086848,1.40
50,6,1000,5000,50000,24.285947,0.000144,0.005069,24.291380,99.98,0.02,Tesla T4,2025-08-27 09:58:46,2025-08-27 09:59:11,5.054251e+05,15642329088,15523905536,118423552,15423242240,219086848,1.40
50,7,1000,5000,50000,24.279578,0.000132,0.004597,24.284529,99.98,0.02,Tesla T4,2025-08-27 09:59:11,2025-08-27 09:59:35,5.054251e+05,15642329088,15523905536,118423552,15423242240,219086848,1.40
50,8,1000,5000,50000,24.145754,0.000132,0.005024,24.151127,99.98,0.02,Tesla T4,2025-08-27 09:59:36,2025-08-27 10:00:00,5.054251e+05,15642329088,15523905536,118423552,15423242240,219086848,1.40
100,1,1000,10000,100000,24.455475,0.000181,0.009335,24.465232,99.96,0.04,Tesla T4,2025-08-27 10:00:00,2025-08-27 10:00:25,9.734717e+05,15642329088,15523905536,118423552,15389687808,252641280,1.62
100,2,1000,10000,100000,24.365762,0.000217,0.009197,24.375402,99.96,0.04,Tesla T4,2025-08-27 10:00:25,2025-08-27 10:00:50,9.734717e+05,15642329088,15523905536,118423552,15389687808,252641280,1.62
100,3,1000,10000,100000,24.372029,0.000222,0.009687,24.382211,99.96,0.04,Tesla T4,2025-08-27 10:00:50,2025-08-27 10:01:14,9.734717e+05,15642329088,15523905536,118423552,15389687808,252641280,1.62
100,4,1000,10000,100000,24.564481,0.000192,0.009713,24.574619,99.96,0.04,Tesla T4,2025-08-27 10:01:15,2025-08-27 10:01:39,9.734717e+05,15642329088,15523905536,118423552,15389687808,252641280,1.62
100,5,1000,10000,100000,24.625671,0.000204,0.010028,24.636133,99.96,0.04,Tesla T4,2025-08-27 10:01:40,2025-08-27 10:02:05,9.734717e+05,15642329088,15523905536,118423552,15389687808,252641280,1.62
100,6,1000,10000,100000,24.341772,0.000204,0.010336,24.352554,99.96,0.04,Tesla T4,2025-08-27 10:02:05,2025-08-27 10:02:29,9.734717e+05,15642329088,15523905536,118423552,15389687808,252641280,1.62
100,7,1000,10000,100000,24.265003,0.000201,0.009939,24.275391,99.96,0.04,Tesla T4,2025-08-27 10:02:30,2025-08-27 10:02:54,9.734717e+05,15642329088,15523905536,118423552,15389687808,252641280,1.62
100,8,1000,10000,100000,24.264465,0.000209,0.010023,24.274965,99.96,0.04,Tesla T4,2025-08-27 10:02:54,2025-08-27 10:03:19,9.734717e+05,15642329088,15523905536,118423552,15389687808,252641280,1.62
250,1,1000,25000,250000,25.137050,0.000428,0.023972,25.161699,99.90,0.10,Tesla T4,2025-08-27 10:03:19,2025-08-27 10:03:44,2.212166e+06,15642329088,15523905536,118423552,15255470080,386859008,2.47
250,2,1000,25000,250000,25.138695,0.000925,0.022461,25.162312,99.91,0.09,Tesla T4,2025-08-27 10:03:45,2025-08-27 10:04:10,2.212166e+06,15642329088,15523905536,118423552,15255470080,386859008,2.47
250,3,1000,25000,250000,24.861473,0.000392,0.025274,24.887378,99.90,0.10,Tesla T4,2025-08-27 10:04:10,2025-08-27 10:04:35,2.212166e+06,15642329088,15523905536,118423552,15255470080,386859008,2.47
250,4,1000,25000,250000,24.857772,0.000394,0.022419,24.880816,99.91,0.09,Tesla T4,2025-08-27 10:04:36,2025-08-27 10:05:01,2.212166e+06,15642329088,15523905536,118423552,15255470080,386859008,2.47
250,5,1000,25000,250000,25.062514,0.000406,0.022676,25.085852,99.91,0.09,Tesla T4,2025-08-27 10:05:01,2025-08-27 10:05:26,2.212166e+06,15642329088,15523905536,118423552,15255470080,386859008,2.47
250,6,1000,25000,250000,25.197589,0.000405,0.024641,25.222924,99.90,0.10,Tesla T4,2025-08-27 10:05:27,2025-08-27 10:05:52,2.212166e+06,15642329088,15523905536,118423552,15255470080,386859008,2.47
250,7,1000,25000,250000,25.190367,0.000439,0.022982,25.214036,99.91,0.09,Tesla T4,2025-08-27 10:05:52,2025-08-27 10:06:17,2.212166e+06,15642329088,15523905536,118423552,15255470080,386859008,2.47
250,8,1000,25000,250000,25.238981,0.000408,0.022303,25.261920,99.91,0.09,Tesla T4,2025-08-27 10:06:18,2025-08-27 10:06:43,2.212166e+06,15642329088,15523905536,118423552,15255470080,386859008,2.47
500,1,1000,50000,500000,26.707828,0.000811,0.049746,26.758625,99.81,0.19,Tesla T4,2025-08-27 10:06:44,2025-08-27 10:07:10,5.053712e+06,15642329088,15523905536,118423552,15054143488,588185600,3.76
500,2,1000,50000,500000,26.561481,0.002322,0.045083,26.609145,99.82,0.18,Tesla T4,2025-08-27 10:07:11,2025-08-27 10:07:37,5.053712e+06,15642329088,15523905536,118423552,15054143488,588185600,3.76
500,3,1000,50000,500000,26.551474,0.000803,0.045293,26.597839,99.83,0.17,Tesla T4,2025-08-27 10:07:38,2025-08-27 10:08:04,5.053712e+06,15642329088,15523905536,118423552,15054143488,588185600,3.76
500,4,1000,50000,500000,26.548405,0.000776,0.045049,26.594497,99.83,0.17,Tesla T4,2025-08-27 10:08:05,2025-08-27 10:08:32,5.053712e+06,15642329088,15523905536,118423552,15054143488,588185600,3.76
500,5,1000,50000,500000,26.613559,0.000737,0.045054,26.659585,99.83,0.17,Tesla T4,2025-08-27 10:08:32,2025-08-27 10:08:59,5.053712e+06,15642329088,15523905536,118423552,15054143488,588185600,3.76
500,6,1000,50000,500000,26.444656,0.000951,0.044525,26.490367,99.83,0.17,Tesla T4,2025-08-27 10:08:59,2025-08-27 10:09:26,5.053712e+06,15642329088,15523905536,118423552,15054143488,588185600,3.76
500,7,1000,50000,500000,26.453537,0.000764,0.045528,26.500067,99.82,0.18,Tesla T4,2025-08-27 10:09:26,2025-08-27 10:09:53,5.053712e+06,15642329088,15523905536,118423552,15054143488,588185600,3.76
500,8,1000,50000,500000,26.377951,0.000766,0.045233,26.424193,99.83,0.17,Tesla T4,2025-08-27 10:09:53,2025-08-27 10:10:19,5.053712e+06,15642329088,15523905536,118423552,15054143488,588185600,3.76
750,1,1000,75000,750000,28.031126,0.000933,0.073044,28.105349,99.74,0.26,Tesla T4,2025-08-27 10:10:20,2025-08-27 10:10:48,8.453871e+06,15642329088,15523905536,118423552,14852816896,789512192,5.05
750,2,1000,75000,750000,28.305665,0.003119,0.067857,28.376882,99.75,0.25,Tesla T4,2025-08-27 10:10:49,2025-08-27 10:11:17,8.453871e+06,15642329088,15523905536,118423552,14852816896,789512192,5.05
750,3,1000,75000,750000,28.047546,0.001432,0.067183,28.116413,99.76,0.24,Tesla T4,2025-08-27 10:11:17,2025-08-27 10:11:46,8.453871e+06,15642329088,15523905536,118423552,14852816896,789512192,5.05
750,4,1000,75000,750000,28.065768,0.003361,0.066917,28.136276,99.75,0.25,Tesla T4,2025-08-27 10:11:46,2025-08-27 10:12:14,8.453871e+06,15642329088,15523905536,118423552,14852816896,789512192,5.05
750,5,1000,75000,750000,27.954923,0.002986,0.068092,28.026263,99.75,0.25,Tesla T4,2025-08-27 10:12:15,2025-08-27 10:12:43,8.453871e+06,15642329088,15523905536,118423552,14852816896,789512192,5.05
750,6,1000,75000,750000,27.878655,0.001283,0.068349,27.948543,99.75,0.25,Tesla T4,2025-08-27 10:12:43,2025-08-27 10:13:11,8.453871e+06,15642329088,15523905536,118423552,14852816896,789512192,5.05
750,7,1000,75000,750000,28.087912,0.001060,0.065275,28.154482,99.76,0.24,Tesla T4,2025-08-27 10:13:12,2025-08-27 10:13:40,8.453871e+06,15642329088,15523905536,118423552,14852816896,789512192,5.05
750,8,1000,75000,750000,27.718067,0.003395,0.067268,27.788961,99.74,0.26,Tesla T4,2025-08-27 10:13:40,2025-08-27 10:14:08,8.453871e+06,15642329088,15523905536,118423552,14852816896,789512192,5.05
1000,1,1000,100000,1000000,28.464670,0.003435,0.086554,28.554918,99.68,0.32,Tesla T4,2025-08-27 10:14:08,2025-08-27 10:14:37,1.235656e+07,15642329088,15523905536,118423552,14651490304,990838784,6.33
1000,2,1000,100000,1000000,28.726250,0.003444,0.094834,28.824756,99.66,0.34,Tesla T4,2025-08-27 10:14:38,2025-08-27 10:15:06,1.235656e+07,15642329088,15523905536,118423552,14651490304,990838784,6.33
1000,3,1000,100000,1000000,28.615207,0.001872,0.088209,28.705584,99.69,0.31,Tesla T4,2025-08-27 10:15:07,2025-08-27 10:15:36,1.235656e+07,15642329088,15523905536,118423552,14651490304,990838784,6.33
1000,4,1000,100000,1000000,28.644890,0.001322,0.086865,28.733328,99.69,0.31,Tesla T4,2025-08-27 10:15:36,2025-08-27 10:16:05,1.235656e+07,15642329088,15523905536,118423552,14651490304,990838784,6.33
1000,5,1000,100000,1000000,28.496730,0.001366,0.087494,28.585879,99.69,0.31,Tesla T4,2025-08-27 10:16:05,2025-08-27 10:16:34,1.235656e+07,15642329088,15523905536,118423552,14651490304,990838784,6.33
1000,6,1000,100000,1000000,28.599742,0.001332,0.085773,28.687104,99.70,0.30,Tesla T4,2025-08-27 10:16:34,2025-08-27 10:17:03,1.235656e+07,15642329088,15523905536,118423552,14651490304,990838784,6.33
1000,7,1000,100000,1000000,28.506548,0.001328,0.087247,28.595383,99.69,0.31,Tesla T4,2025-08-27 10:17:04,2025-08-27 10:17:32,1.235656e+07,15642329088,15523905536,118423552,14651490304,990838784,6.33
1000,8,1000,100000,1000000,28.574893,0.001306,0.086240,28.662675,99.69,0.31,Tesla T4,2025-08-27 10:17:33,2025-08-27 10:18:01,1.235656e+07,15642329088,15523905536,118423552,14651490304,990838784,6.33
1250,1,1000,125000,1250000,29.150472,0.001451,0.108027,29.260193,99.63,0.37,Tesla T4,2025-08-27 10:18:02,2025-08-27 10:18:31,1.671697e+07,15642329088,15523905536,118423552,14450163712,1192165376,7.62
1250,2,1000,125000,1250000,29.876245,0.001589,0.111221,29.989324,99.62,0.38,Tesla T4,2025-08-27 10:18:32,2025-08-27 10:19:02,1.671697e+07,15642329088,15523905536,118423552,14450163712,1192165376,7.62
1250,3,1000,125000,1250000,30.040260,0.001692,0.112306,30.154512,99.62,0.38,Tesla T4,2025-08-27 10:19:02,2025-08-27 10:19:32,1.671697e+07,15642329088,15523905536,118423552,14450163712,1192165376,7.62
1250,4,1000,125000,1250000,30.085763,0.001629,0.116124,30.203794,99.61,0.39,Tesla T4,2025-08-27 10:19:33,2025-08-27 10:20:03,1.671697e+07,15642329088,15523905536,118423552,14450163712,1192165376,7.62
1250,5,1000,125000,1250000,29.986881,0.001651,0.114719,30.103552,99.61,0.39,Tesla T4,2025-08-27 10:20:03,2025-08-27 10:20:34,1.671697e+07,15642329088,15523905536,118423552,14450163712,1192165376,7.62
1250,6,1000,125000,1250000,29.826649,0.001635,0.115691,29.944231,99.61,0.39,Tesla T4,2025-08-27 10:20:34,2025-08-27 10:21:04,1.671697e+07,15642329088,15523905536,118423552,14450163712,1192165376,7.62
1250,7,1000,125000,1250000,29.792867,0.001645,0.113545,29.908303,99.61,0.39,Tesla T4,2025-08-27 10:21:05,2025-08-27 10:21:34,1.671697e+07,15642329088,15523905536,118423552,14450163712,1192165376,7.62
1250,8,1000,125000,1250000,30.325452,0.001656,0.112675,30.440040,99.62,0.38,Tesla T4,2025-08-27 10:21:35,2025-08-27 10:22:05,1.671697e+07,15642329088,15523905536,118423552,14450163712,1192165376,7.62
1500,1,1000,150000,1500000,30.154361,0.001852,0.140756,30.297216,99.53,0.47,Tesla T4,2025-08-27 10:22:06,2025-08-27 10:22:36,2.149811e+07,15642329088,15523905536,118423552,14248837120,1393491968,8.91
1500,2,1000,150000,1500000,29.813552,0.003537,0.131290,29.948658,99.55,0.45,Tesla T4,2025-08-27 10:22:37,2025-08-27 10:23:07,2.149811e+07,15642329088,15523905536,118423552,14248837120,1393491968,8.91
1500,3,1000,150000,1500000,30.138538,0.002303,0.131466,30.272673,99.56,0.44,Tesla T4,2025-08-27 10:23:07,2025-08-27 10:23:38,2.149811e+07,15642329088,15523905536,118423552,14248837120,1393491968,8.91
1500,4,1000,150000,1500000,30.244705,0.002041,0.132672,30.379698,99.56,0.44,Tesla T4,2025-08-27 10:23:38,2025-08-27 10:24:08,2.149811e+07,15642329088,15523905536,118423552,14248837120,1393491968,8.91
1500,5,1000,150000,1500000,30.479323,0.002060,0.133184,30.614864,99.56,0.44,Tesla T4,2025-08-27 10:24:09,2025-08-27 10:24:40,2.149811e+07,15642329088,15523905536,118423552,14248837120,1393491968,8.91
1500,6,1000,150000,1500000,30.172275,0.001903,0.129468,30.303903,99.57,0.43,Tesla T4,2025-08-27 10:24:40,2025-08-27 10:25:10,2.149811e+07,15642329088,15523905536,118423552,14248837120,1393491968,8.91
1500,7,1000,150000,1500000,29.910389,0.001883,0.130992,30.043515,99.56,0.44,Tesla T4,2025-08-27 10:25:11,2025-08-27 10:25:41,2.149811e+07,15642329088,15523905536,118423552,14248837120,1393491968,8.91
1500,8,1000,150000,1500000,29.582727,0.001866,0.129481,29.714327,99.56,0.44,Tesla T4,2025-08-27 10:25:42,2025-08-27 10:26:11,2.149811e+07,15642329088,15523905536,118423552,14248837120,1393491968,8.91
1750,1,1000,175000,1750000,31.247994,0.002006,0.154024,31.404274,99.50,0.50,Tesla T4,2025-08-27 10:26:12,2025-08-27 10:26:43,2.666710e+07,15642329088,15523905536,118423552,14047510528,1594818560,10.20
1750,2,1000,175000,1750000,31.190791,0.002235,0.155136,31.348440,99.50,0.50,Tesla T4,2025-08-27 10:26:44,2025-08-27 10:27:15,2.666710e+07,15642329088,15523905536,118423552,14047510528,1594818560,10.20
1750,3,1000,175000,1750000,31.114310,0.002155,0.161455,31.278227,99.48,0.52,Tesla T4,2025-08-27 10:27:16,2025-08-27 10:27:47,2.666710e+07,15642329088,15523905536,118423552,14047510528,1594818560,10.20
1750,4,1000,175000,1750000,31.608401,0.002848,0.155567,31.767118,99.50,0.50,Tesla T4,2025-08-27 10:27:47,2025-08-27 10:28:19,2.666710e+07,15642329088,15523905536,118423552,14047510528,1594818560,10.20
1750,5,1000,175000,1750000,31.772734,0.002881,0.165980,31.941891,99.47,0.53,Tesla T4,2025-08-27 10:28:20,2025-08-27 10:28:52,2.666710e+07,15642329088,15523905536,118423552,14047510528,1594818560,10.20
1750,6,1000,175000,1750000,32.197367,0.002304,0.161448,32.361437,99.49,0.51,Tesla T4,2025-08-27 10:28:52,2025-08-27 10:29:25,2.666710e+07,15642329088,15523905536,118423552,14047510528,1594818560,10.20
1750,7,1000,175000,1750000,32.430575,0.002258,0.163041,32.596208,99.49,0.51,Tesla T4,2025-08-27 10:29:25,2025-08-27 10:29:58,2.666710e+07,15642329088,15523905536,118423552,14047510528,1594818560,10.20
1750,8,1000,175000,1750000,32.308090,0.002345,0.164870,32.475615,99.48,0.52,Tesla T4,2025-08-27 10:29:58,2025-08-27 10:30:31,2.666710e+07,15642329088,15523905536,118423552,14047510528,1594818560,10.20
2000,1,1000,200000,2000000,33.984988,0.008480,0.199528,34.193308,99.39,0.61,Tesla T4,2025-08-27 10:30:32,2025-08-27 10:31:06,3.218944e+07,15642329088,15523905536,118423552,13846183936,1796145152,11.48
2000,2,1000,200000,2000000,33.540324,0.008664,0.181083,33.730396,99.44,0.56,Tesla T4,2025-08-27 10:31:06,2025-08-27 10:31:40,3.218944e+07,15642329088,15523905536,118423552,13846183936,1796145152,11.48
2000,3,1000,200000,2000000,32.670971,0.008018,0.179296,32.858616,99.43,0.57,Tesla T4,2025-08-27 10:31:41,2025-08-27 10:32:14,3.218944e+07,15642329088,15523905536,118423552,13846183936,1796145152,11.48
2000,4,1000,200000,2000000,32.509890,0.002768,0.183093,32.696039,99.43,0.57,Tesla T4,2025-08-27 10:32:14,2025-08-27 10:32:47,3.218944e+07,15642329088,15523905536,118423552,13846183936,1796145152,11.48
2000,5,1000,200000,2000000,32.204223,0.008164,0.180191,32.392873,99.42,0.58,Tesla T4,2025-08-27 10:32:47,2025-08-27 10:33:20,3.218944e+07,15642329088,15523905536,118423552,13846183936,1796145152,11.48
2000,6,1000,200000,2000000,32.455580,0.007774,0.181454,32.645081,99.42,0.58,Tesla T4,2025-08-27 10:33:20,2025-08-27 10:33:53,3.218944e+07,15642329088,15523905536,118423552,13846183936,1796145152,11.48
2000,7,1000,200000,2000000,32.040115,0.008703,0.175742,32.224882,99.43,0.57,Tesla T4,2025-08-27 10:33:54,2025-08-27 10:34:26,3.218944e+07,15642329088,15523905536,118423552,13846183936,1796145152,11.48
2000,8,1000,200000,2000000,32.039380,0.006986,0.183529,32.230163,99.41,0.59,Tesla T4,2025-08-27 10:34:26,2025-08-27 10:34:59,3.218944e+07,15642329088,15523905536,118423552,13846183936,1796145152,11.48
2250,1,1000,225000,2250000,33.016563,0.009123,0.206045,33.232082,99.35,0.65,Tesla T4,2025-08-27 10:34:59,2025-08-27 10:35:32,3.804429e+07,15642329088,15523905536,118423552,13644857344,1997471744,12.77
2250,2,1000,225000,2250000,33.555087,0.007751,0.232376,33.795516,99.29,0.71,Tesla T4,2025-08-27 10:35:33,2025-08-27 10:36:07,3.804429e+07,15642329088,15523905536,118423552,13644857344,1997471744,12.77
2250,3,1000,225000,2250000,33.302958,0.009746,0.205506,33.518479,99.36,0.64,Tesla T4,2025-08-27 10:36:07,2025-08-27 10:36:41,3.804429e+07,15642329088,15523905536,118423552,13644857344,1997471744,12.77
2250,4,1000,225000,2250000,33.323827,0.008035,0.205365,33.537488,99.36,0.64,Tesla T4,2025-08-27 10:36:42,2025-08-27 10:37:15,3.804429e+07,15642329088,15523905536,118423552,13644857344,1997471744,12.77
2250,5,1000,225000,2250000,33.162489,0.009812,0.208836,33.381434,99.34,0.66,Tesla T4,2025-08-27 10:37:16,2025-08-27 10:37:49,3.804429e+07,15642329088,15523905536,118423552,13644857344,1997471744,12.77
2250,6,1000,225000,2250000,33.353136,0.010206,0.208077,33.571695,99.35,0.65,Tesla T4,2025-08-27 10:37:50,2025-08-27 10:38:23,3.804429e+07,15642329088,15523905536,118423552,13644857344,1997471744,12.77
2250,7,1000,225000,2250000,32.926270,0.009108,0.210062,33.145782,99.34,0.66,Tesla T4,2025-08-27 10:38:24,2025-08-27 10:38:57,3.804429e+07,15642329088,15523905536,118423552,13644857344,1997471744,12.77
2250,8,1000,225000,2250000,33.124957,0.009779,0.208346,33.343370,99.34,0.66,Tesla T4,2025-08-27 10:38:58,2025-08-27 10:39:31,3.804429e+07,15642329088,15523905536,118423552,13644857344,1997471744,12.77
2500,1,1000,250000,2500000,64.802105,0.010130,0.253035,65.065606,99.60,0.40,Tesla T4,2025-08-27 10:39:32,2025-08-27 10:40:37,4.421351e+07,15642329088,15523905536,118423552,13443530752,2198798336,14.06
2500,2,1000,250000,2500000,64.428285,0.013077,0.228681,64.670357,99.63,0.37,Tesla T4,2025-08-27 10:40:37,2025-08-27 10:41:42,4.421351e+07,15642329088,15523905536,118423552,13443530752,2198798336,14.06
2500,3,1000,250000,2500000,64.718662,0.010192,0.234137,64.963281,99.62,0.38,Tesla T4,2025-08-27 10:41:42,2025-08-27 10:42:47,4.421351e+07,15642329088,15523905536,118423552,13443530752,2198798336,14.06
2500,4,1000,250000,2500000,65.060913,0.010807,0.233198,65.305219,99.63,0.37,Tesla T4,2025-08-27 10:42:48,2025-08-27 10:43:53,4.421351e+07,15642329088,15523905536,118423552,13443530752,2198798336,14.06
2500,5,1000,250000,2500000,64.494566,0.010217,0.231050,64.736137,99.63,0.37,Tesla T4,2025-08-27 10:43:54,2025-08-27 10:44:59,4.421351e+07,15642329088,15523905536,118423552,13443530752,2198798336,14.06
2500,6,1000,250000,2500000,64.326318,0.010177,0.230127,64.566904,99.63,0.37,Tesla T4,2025-08-27 10:44:59,2025-08-27 10:46:04,4.421351e+07,15642329088,15523905536,118423552,13443530752,2198798336,14.06
2500,7,1000,250000,2500000,63.877827,0.010349,0.233409,64.121903,99.62,0.38,Tesla T4,2025-08-27 10:46:04,2025-08-27 10:47:09,4.421351e+07,15642329088,15523905536,118423552,13443530752,2198798336,14.06
2500,8,1000,250000,2500000,64.312755,0.010228,0.229432,64.552742,99.63,0.37,Tesla T4,2025-08-27 10:47:09,2025-08-27 10:48:14,4.421351e+07,15642329088,15523905536,118423552,13443530752,2198798336,14.06
2750,1,1000,275000,2750000,65.736808,0.011459,0.254128,66.002681,99.60,0.40,Tesla T4,2025-08-27 10:48:14,2025-08-27 10:49:20,5.067696e+07,15642329088,15523905536,118423552,13242204160,2400124928,15.34
2750,2,1000,275000,2750000,65.994837,0.012215,0.249335,66.256685,99.60,0.40,Tesla T4,2025-08-27 10:49:21,2025-08-27 10:50:27,5.067696e+07,15642329088,15523905536,118423552,13242204160,2400124928,15.34
2750,3,1000,275000,2750000,66.656053,0.011782,0.254214,66.922343,99.60,0.40,Tesla T4,2025-08-27 10:50:28,2025-08-27 10:51:35,5.067696e+07,15642329088,15523905536,118423552,13242204160,2400124928,15.34
2750,4,1000,275000,2750000,66.793312,0.011290,0.252963,67.057831,99.61,0.39,Tesla T4,2025-08-27 10:51:35,2025-08-27 10:52:42,5.067696e+07,15642329088,15523905536,118423552,13242204160,2400124928,15.34
2750,5,1000,275000,2750000,65.773154,0.011168,0.260650,66.045264,99.59,0.41,Tesla T4,2025-08-27 10:52:43,2025-08-27 10:53:49,5.067696e+07,15642329088,15523905536,118423552,13242204160,2400124928,15.34
2750,6,1000,275000,2750000,67.277378,0.011306,0.241481,67.530455,99.63,0.37,Tesla T4,2025-08-27 10:53:50,2025-08-27 10:54:57,5.067696e+07,15642329088,15523905536,118423552,13242204160,2400124928,15.34
2750,7,1000,275000,2750000,66.877088,0.009287,0.253988,67.140673,99.61,0.39,Tesla T4,2025-08-27 10:54:58,2025-08-27 10:56:05,5.067696e+07,15642329088,15523905536,118423552,13242204160,2400124928,15.34
2750,8,1000,275000,2750000,67.789937,0.011247,0.256875,68.058338,99.61,0.39,Tesla T4,2025-08-27 10:56:06,2025-08-27 10:57:14,5.067696e+07,15642329088,15523905536,118423552,13242204160,2400124928,15.34
3000,1,1000,300000,3000000,67.987170,0.012613,0.279656,68.279730,99.57,0.43,Tesla T4,2025-08-27 10:57:14,2025-08-27 10:58:23,5.768204e+07,15642329088,15523905536,118423552,13040877568,2601451520,16.63
3000,2,1000,300000,3000000,69.353688,0.012526,0.275798,69.642307,99.59,0.41,Tesla T4,2025-08-27 10:58:23,2025-08-27 10:59:33,5.768204e+07,15642329088,15523905536,118423552,13040877568,2601451520,16.63
3000,3,1000,300000,3000000,68.088225,0.012865,0.257615,68.358986,99.60,0.40,Tesla T4,2025-08-27 10:59:34,2025-08-27 11:00:42,5.768204e+07,15642329088,15523905536,118423552,13040877568,2601451520,16.63
3000,4,1000,300000,3000000,68.423020,0.011204,0.270332,68.704836,99.59,0.41,Tesla T4,2025-08-27 11:00:43,2025-08-27 11:01:51,5.768204e+07,15642329088,15523905536,118423552,13040877568,2601451520,16.63
3000,5,1000,300000,3000000,68.023303,0.012077,0.271672,68.307307,99.58,0.42,Tesla T4,2025-08-27 11:01:52,2025-08-27 11:03:00,5.768204e+07,15642329088,15523905536,118423552,13040877568,2601451520,16.63
3000,6,1000,300000,3000000,68.110992,0.012205,0.262963,68.386455,99.60,0.40,Tesla T4,2025-08-27 11:03:01,2025-08-27 11:04:09,5.768204e+07,15642329088,15523905536,118423552,13040877568,2601451520,16.63
3000,7,1000,300000,3000000,69.133961,0.011605,0.285124,69.430991,99.57,0.43,Tesla T4,2025-08-27 11:04:10,2025-08-27 11:05:19,5.768204e+07,15642329088,15523905536,118423552,13040877568,2601451520,16.63
3000,8,1000,300000,3000000,69.794408,0.013129,0.271851,70.079678,99.59,0.41,Tesla T4,2025-08-27 11:05:20,2025-08-27 11:06:30,5.768204e+07,15642329088,15523905536,118423552,13040877568,2601451520,16.63
3250,1,1000,325000,3250000,74.392645,0.014324,0.287683,74.694985,99.60,0.40,Tesla T4,2025-08-27 11:06:31,2025-08-27 11:07:45,6.514759e+07,15642329088,15523905536,118423552,12839550976,2802778112,17.92
3250,2,1000,325000,3250000,73.181685,0.011332,0.287681,73.480974,99.59,0.41,Tesla T4,2025-08-27 11:07:46,2025-08-27 11:09:00,6.514759e+07,15642329088,15523905536,118423552,12839550976,2802778112,17.92
3250,3,1000,325000,3250000,73.172080,0.012952,0.286347,73.471674,99.59,0.41,Tesla T4,2025-08-27 11:09:00,2025-08-27 11:10:14,6.514759e+07,15642329088,15523905536,118423552,12839550976,2802778112,17.92
3250,4,1000,325000,3250000,73.008802,0.014664,0.288084,73.311856,99.59,0.41,Tesla T4,2025-08-27 11:10:14,2025-08-27 11:11:28,6.514759e+07,15642329088,15523905536,118423552,12839550976,2802778112,17.92
3250,5,1000,325000,3250000,73.721658,0.013255,0.288932,74.024105,99.59,0.41,Tesla T4,2025-08-27 11:11:28,2025-08-27 11:12:42,6.514759e+07,15642329088,15523905536,118423552,12839550976,2802778112,17.92
3250,6,1000,325000,3250000,72.745454,0.011479,0.287534,73.044734,99.59,0.41,Tesla T4,2025-08-27 11:12:43,2025-08-27 11:13:56,6.514759e+07,15642329088,15523905536,118423552,12839550976,2802778112,17.92
3250,7,1000,325000,3250000,73.245741,0.013281,0.302623,73.561920,99.57,0.43,Tesla T4,2025-08-27 11:13:57,2025-08-27 11:15:10,6.514759e+07,15642329088,15523905536,118423552,12839550976,2802778112,17.92
3250,8,1000,325000,3250000,73.513181,0.013708,0.286298,73.813462,99.59,0.41,Tesla T4,2025-08-27 11:15:11,2025-08-27 11:16:25,6.514759e+07,15642329088,15523905536,118423552,12839550976,2802778112,17.92
3500,1,1000,350000,3500000,73.856039,0.011270,0.361040,74.228662,99.50,0.50,Tesla T4,2025-08-27 11:16:26,2025-08-27 11:17:40,7.275570e+07,15642329088,15523905536,118423552,12638224384,3004104704,19.20
3500,2,1000,350000,3500000,73.300589,0.014763,0.331320,73.647016,99.53,0.47,Tesla T4,2025-08-27 11:17:40,2025-08-27 11:18:54,7.275570e+07,15642329088,15523905536,118423552,12638224384,3004104704,19.20
3500,3,1000,350000,3500000,72.916716,0.016498,0.319948,73.253472,99.54,0.46,Tesla T4,2025-08-27 11:18:55,2025-08-27 11:20:08,7.275570e+07,15642329088,15523905536,118423552,12638224384,3004104704,19.20
3500,4,1000,350000,3500000,72.476033,0.015799,0.318330,72.810433,99.54,0.46,Tesla T4,2025-08-27 11:20:09,2025-08-27 11:21:21,7.275570e+07,15642329088,15523905536,118423552,12638224384,3004104704,19.20
3500,5,1000,350000,3500000,73.532902,0.016274,0.329613,73.879179,99.53,0.47,Tesla T4,2025-08-27 11:21:22,2025-08-27 11:22:36,7.275570e+07,15642329088,15523905536,118423552,12638224384,3004104704,19.20
3500,6,1000,350000,3500000,72.945370,0.014483,0.312813,73.272958,99.55,0.45,Tesla T4,2025-08-27 11:22:37,2025-08-27 11:23:50,7.275570e+07,15642329088,15523905536,118423552,12638224384,3004104704,19.20
3500,7,1000,350000,3500000,72.455345,0.014421,0.316197,72.786228,99.55,0.45,Tesla T4,2025-08-27 11:23:51,2025-08-27 11:25:03,7.275570e+07,15642329088,15523905536,118423552,12638224384,3004104704,19.20
3500,8,1000,350000,3500000,72.480235,0.014347,0.313388,72.808270,99.55,0.45,Tesla T4,2025-08-27 11:25:04,2025-08-27 11:26:17,7.275570e+07,15642329088,15523905536,118423552,12638224384,3004104704,19.20
3750,1,1000,375000,3750000,64.607531,0.012461,0.339630,64.959904,99.46,0.54,Tesla T4,2025-08-27 11:26:18,2025-08-27 11:27:23,8.052171e+07,15642329088,15523905536,118423552,12436897792,3205431296,20.49
3750,2,1000,375000,3750000,64.889255,0.015088,0.341830,65.246476,99.45,0.55,Tesla T4,2025-08-27 11:27:23,2025-08-27 11:28:29,8.052171e+07,15642329088,15523905536,118423552,12436897792,3205431296,20.49
3750,3,1000,375000,3750000,65.546361,0.014594,0.367751,65.929025,99.42,0.58,Tesla T4,2025-08-27 11:28:29,2025-08-27 11:29:35,8.052171e+07,15642329088,15523905536,118423552,12436897792,3205431296,20.49
3750,4,1000,375000,3750000,65.427947,0.015870,0.343794,65.787944,99.45,0.55,Tesla T4,2025-08-27 11:29:36,2025-08-27 11:30:42,8.052171e+07,15642329088,15523905536,118423552,12436897792,3205431296,20.49
3750,5,1000,375000,3750000,64.893167,0.015077,0.352784,65.261348,99.44,0.56,Tesla T4,2025-08-27 11:30:42,2025-08-27 11:31:48,8.052171e+07,15642329088,15523905536,118423552,12436897792,3205431296,20.49
3750,6,1000,375000,3750000,64.558672,0.014833,0.333424,64.907220,99.46,0.54,Tesla T4,2025-08-27 11:31:48,2025-08-27 11:32:53,8.052171e+07,15642329088,15523905536,118423552,12436897792,3205431296,20.49
3750,7,1000,375000,3750000,65.109573,0.013381,0.346358,65.469609,99.45,0.55,Tesla T4,2025-08-27 11:32:54,2025-08-27 11:33:59,8.052171e+07,15642329088,15523905536,118423552,12436897792,3205431296,20.49
3750,8,1000,375000,3750000,64.421798,0.015328,0.336422,64.773858,99.46,0.54,Tesla T4,2025-08-27 11:34:00,2025-08-27 11:35:05,8.052171e+07,15642329088,15523905536,118423552,12436897792,3205431296,20.49
4000,1,1000,400000,4000000,92.379462,0.013024,0.371249,92.764036,99.59,0.41,Tesla T4,2025-08-27 11:35:06,2025-08-27 11:36:38,8.884210e+07,15642329088,15523905536,118423552,12235571200,3406757888,21.78
4000,2,1000,400000,4000000,92.074435,0.015459,0.362487,92.452666,99.59,0.41,Tesla T4,2025-08-27 11:36:39,2025-08-27 11:38:12,8.884210e+07,15642329088,15523905536,118423552,12235571200,3406757888,21.78
4000,3,1000,400000,4000000,92.657616,0.016176,0.362058,93.036142,99.59,0.41,Tesla T4,2025-08-27 11:38:12,2025-08-27 11:39:45,8.884210e+07,15642329088,15523905536,118423552,12235571200,3406757888,21.78
4000,4,1000,400000,4000000,91.760675,0.016164,0.368964,92.146106,99.58,0.42,Tesla T4,2025-08-27 11:39:46,2025-08-27 11:41:18,8.884210e+07,15642329088,15523905536,118423552,12235571200,3406757888,21.78
4000,5,1000,400000,4000000,92.903512,0.016012,0.381179,93.301088,99.57,0.43,Tesla T4,2025-08-27 11:41:19,2025-08-27 11:42:52,8.884210e+07,15642329088,15523905536,118423552,12235571200,3406757888,21.78
4000,6,1000,400000,4000000,93.968975,0.016153,0.382039,94.367478,99.58,0.42,Tesla T4,2025-08-27 11:42:53,2025-08-27 11:44:27,8.884210e+07,15642329088,15523905536,118423552,12235571200,3406757888,21.78
4000,7,1000,400000,4000000,93.426684,0.016791,0.401815,93.845584,99.55,0.45,Tesla T4,2025-08-27 11:44:28,2025-08-27 11:46:02,8.884210e+07,15642329088,15523905536,118423552,12235571200,3406757888,21.78
4000,8,1000,400000,4000000,92.971025,0.016533,0.373359,93.361207,99.58,0.42,Tesla T4,2025-08-27 11:46:03,2025-08-27 11:47:36,8.884210e+07,15642329088,15523905536,118423552,12235571200,3406757888,21.78
4250,1,1000,425000,4250000,89.199183,0.016836,0.388577,89.604883,99.55,0.45,Tesla T4,2025-08-27 11:47:37,2025-08-27 11:49:06,9.760714e+07,15642329088,15523905536,118423552,12034244608,3608084480,23.07
4250,2,1000,425000,4250000,88.534894,0.015806,0.406347,88.957415,99.53,0.47,Tesla T4,2025-08-27 11:49:07,2025-08-27 11:50:36,9.760714e+07,15642329088,15523905536,118423552,12034244608,3608084480,23.07
4250,3,1000,425000,4250000,88.966113,0.013178,0.414332,89.393918,99.52,0.48,Tesla T4,2025-08-27 11:50:37,2025-08-27 11:52:06,9.760714e+07,15642329088,15523905536,118423552,12034244608,3608084480,23.07
4250,4,1000,425000,4250000,88.983850,0.017160,0.389066,89.390375,99.55,0.45,Tesla T4,2025-08-27 11:52:07,2025-08-27 11:53:36,9.760714e+07,15642329088,15523905536,118423552,12034244608,3608084480,23.07
4250,5,1000,425000,4250000,88.452818,0.017565,0.389031,88.859705,99.54,0.46,Tesla T4,2025-08-27 11:53:37,2025-08-27 11:55:06,9.760714e+07,15642329088,15523905536,118423552,12034244608,3608084480,23.07
4250,6,1000,425000,4250000,88.096797,0.017591,0.383508,88.498171,99.55,0.45,Tesla T4,2025-08-27 11:55:07,2025-08-27 11:56:35,9.760714e+07,15642329088,15523905536,118423552,12034244608,3608084480,23.07
4250,7,1000,425000,4250000,88.197831,0.015927,0.390625,88.604649,99.54,0.46,Tesla T4,2025-08-27 11:56:36,2025-08-27 11:58:04,9.760714e+07,15642329088,15523905536,118423552,12034244608,3608084480,23.07
4250,8,1000,425000,4250000,88.142568,0.017482,0.427113,88.587557,99.50,0.50,Tesla T4,2025-08-27 11:58:05,2025-08-27 11:59:34,9.760714e+07,15642329088,15523905536,118423552,12034244608,3608084480,23.07
4500,1,1000,450000,4500000,87.412798,0.017399,0.413621,87.844082,99.51,0.49,Tesla T4,2025-08-27 11:59:34,2025-08-27 12:01:02,1.065804e+08,15642329088,15523905536,118423552,11832918016,3809411072,24.35
4500,2,1000,450000,4500000,87.606577,0.019218,0.419475,88.045550,99.50,0.50,Tesla T4,2025-08-27 12:01:03,2025-08-27 12:02:31,1.065804e+08,15642329088,15523905536,118423552,11832918016,3809411072,24.35
4500,3,1000,450000,4500000,86.652673,0.017414,0.394793,87.065208,99.53,0.47,Tesla T4,2025-08-27 12:02:32,2025-08-27 12:03:59,1.065804e+08,15642329088,15523905536,118423552,11832918016,3809411072,24.35
4500,4,1000,450000,4500000,86.501871,0.017699,0.415486,86.935331,99.50,0.50,Tesla T4,2025-08-27 12:04:00,2025-08-27 12:05:27,1.065804e+08,15642329088,15523905536,118423552,11832918016,3809411072,24.35
4500,5,1000,450000,4500000,86.250909,0.017868,0.413196,86.682322,99.50,0.50,Tesla T4,2025-08-27 12:05:27,2025-08-27 12:06:54,1.065804e+08,15642329088,15523905536,118423552,11832918016,3809411072,24.35
4500,6,1000,450000,4500000,85.530362,0.018653,0.410541,85.959873,99.50,0.50,Tesla T4,2025-08-27 12:06:55,2025-08-27 12:08:21,1.065804e+08,15642329088,15523905536,118423552,11832918016,3809411072,24.35
4500,7,1000,450000,4500000,85.929421,0.016621,0.407117,86.353472,99.51,0.49,Tesla T4,2025-08-27 12:08:21,2025-08-27 12:09:48,1.065804e+08,15642329088,15523905536,118423552,11832918016,3809411072,24.35
4500,8,1000,450000,4500000,85.813652,0.018147,0.411038,86.243158,99.50,0.50,Tesla T4,2025-08-27 12:09:49,2025-08-27 12:11:15,1.065804e+08,15642329088,15523905536,118423552,11832918016,3809411072,24.35
4750,1,1000,475000,4750000,96.201425,0.018344,0.450858,96.670965,99.51,0.49,Tesla T4,2025-08-27 12:11:16,2025-08-27 12:12:52,1.167822e+08,15642329088,15523905536,118423552,11631591424,4010737664,25.64
4750,2,1000,475000,4750000,97.081654,0.019725,0.444587,97.546310,99.52,0.48,Tesla T4,2025-08-27 12:12:53,2025-08-27 12:14:31,1.167822e+08,15642329088,15523905536,118423552,11631591424,4010737664,25.64
4750,3,1000,475000,4750000,97.188685,0.019237,0.436797,97.645081,99.53,0.47,Tesla T4,2025-08-27 12:14:31,2025-08-27 12:16:09,1.167822e+08,15642329088,15523905536,118423552,11631591424,4010737664,25.64
4750,4,1000,475000,4750000,95.296836,0.019446,0.442789,95.759384,99.52,0.48,Tesla T4,2025-08-27 12:16:10,2025-08-27 12:17:45,1.167822e+08,15642329088,15523905536,118423552,11631591424,4010737664,25.64
4750,5,1000,475000,4750000,96.503276,0.017317,0.447776,96.968666,99.52,0.48,Tesla T4,2025-08-27 12:17:46,2025-08-27 12:19:23,1.167822e+08,15642329088,15523905536,118423552,11631591424,4010737664,25.64
4750,6,1000,475000,4750000,97.187838,0.021929,0.437266,97.647354,99.53,0.47,Tesla T4,2025-08-27 12:19:24,2025-08-27 12:21:02,1.167822e+08,15642329088,15523905536,118423552,11631591424,4010737664,25.64
4750,7,1000,475000,4750000,97.408001,0.019818,0.445756,97.873893,99.52,0.48,Tesla T4,2025-08-27 12:21:02,2025-08-27 12:22:40,1.167822e+08,15642329088,15523905536,118423552,11631591424,4010737664,25.64
4750,8,1000,475000,4750000,97.896468,0.017095,0.431445,98.345320,99.54,0.46,Tesla T4,2025-08-27 12:22:41,2025-08-27 12:24:19,1.167822e+08,15642329088,15523905536,118423552,11631591424,4010737664,25.64
5000,1,1000,500000,5000000,109.710514,0.019991,0.452814,110.183649,99.57,0.43,Tesla T4,2025-08-27 12:24:20,2025-08-27 12:26:10,1.267625e+08,15642329088,15523905536,118423552,11430264832,4212064256,26.93
5000,2,1000,500000,5000000,109.854491,0.018857,0.458591,110.332256,99.57,0.43,Tesla T4,2025-08-27 12:26:11,2025-08-27 12:28:01,1.267625e+08,15642329088,15523905536,118423552,11430264832,4212064256,26.93
5000,3,1000,500000,5000000,111.443929,0.019820,0.466159,111.930283,99.57,0.43,Tesla T4,2025-08-27 12:28:02,2025-08-27 12:29:54,1.267625e+08,15642329088,15523905536,118423552,11430264832,4212064256,26.93
5000,4,1000,500000,5000000,111.572767,0.019036,0.456785,112.048925,99.58,0.42,Tesla T4,2025-08-27 12:29:55,2025-08-27 12:31:47,1.267625e+08,15642329088,15523905536,118423552,11430264832,4212064256,26.93
5000,5,1000,500000,5000000,109.861579,0.019408,0.465420,110.346712,99.56,0.44,Tesla T4,2025-08-27 12:31:48,2025-08-27 12:33:38,1.267625e+08,15642329088,15523905536,118423552,11430264832,4212064256,26.93
5000,6,1000,500000,5000000,109.932963,0.019689,0.470832,110.423805,99.56,0.44,Tesla T4,2025-08-27 12:33:39,2025-08-27 12:35:29,1.267625e+08,15642329088,15523905536,118423552,11430264832,4212064256,26.93
5000,7,1000,500000,5000000,109.754114,0.016759,0.459181,110.230357,99.57,0.43,Tesla T4,2025-08-27 12:35:30,2025-08-27 12:37:20,1.267625e+08,15642329088,15523905536,118423552,11430264832,4212064256,26.93
5000,8,1000,500000,5000000,109.785533,0.019337,0.453339,110.258513,99.57,0.43,Tesla T4,2025-08-27 12:37:21,2025-08-27 12:39:11,1.267625e+08,15642329088,15523905536,118423552,11430264832,4212064256,26.93
5250,1,1000,525000,5250000,89.541519,0.024376,0.476752,90.042989,99.44,0.56,Tesla T4,2025-08-27 12:39:12,2025-08-27 12:40:42,1.369675e+08,15642329088,15523905536,118423552,11228938240,4413390848,28.21
5250,2,1000,525000,5250000,91.380930,0.018502,0.490193,91.889893,99.45,0.55,Tesla T4,2025-08-27 12:40:43,2025-08-27 12:42:15,1.369675e+08,15642329088,15523905536,118423552,11228938240,4413390848,28.21
5250,3,1000,525000,5250000,89.473383,0.019414,0.572277,90.065398,99.34,0.66,Tesla T4,2025-08-27 12:42:16,2025-08-27 12:43:46,1.369675e+08,15642329088,15523905536,118423552,11228938240,4413390848,28.21
5250,4,1000,525000,5250000,87.064269,0.018247,0.458257,87.541093,99.46,0.54,Tesla T4,2025-08-27 12:43:47,2025-08-27 12:45:14,1.369675e+08,15642329088,15523905536,118423552,11228938240,4413390848,28.21
5250,5,1000,525000,5250000,87.083929,0.015495,0.486089,87.585840,99.43,0.57,Tesla T4,2025-08-27 12:45:15,2025-08-27 12:46:42,1.369675e+08,15642329088,15523905536,118423552,11228938240,4413390848,28.21
5250,6,1000,525000,5250000,87.141711,0.019653,0.488388,87.650138,99.42,0.58,Tesla T4,2025-08-27 12:46:43,2025-08-27 12:48:11,1.369675e+08,15642329088,15523905536,118423552,11228938240,4413390848,28.21
5250,7,1000,525000,5250000,99.089688,0.017814,0.483526,99.591355,99.50,0.50,Tesla T4,2025-08-27 12:48:12,2025-08-27 12:49:51,1.369675e+08,15642329088,15523905536,118423552,11228938240,4413390848,28.21
5250,8,1000,525000,5250000,87.136066,0.021069,0.490293,87.647739,99.42,0.58,Tesla T4,2025-08-27 12:49:52,2025-08-27 12:51:20,1.369675e+08,15642329088,15523905536,118423552,11228938240,4413390848,28.21
5500,1,1000,550000,5500000,138.872608,0.020843,0.492275,139.386027,99.63,0.37,Tesla T4,2025-08-27 12:51:21,2025-08-27 12:53:40,1.473166e+08,15642329088,15523905536,118423552,11027611648,4614717440,29.50
5500,2,1000,550000,5500000,139.798187,0.020890,0.520555,140.339947,99.61,0.39,Tesla T4,2025-08-27 12:53:41,2025-08-27 12:56:01,1.473166e+08,15642329088,15523905536,118423552,11027611648,4614717440,29.50
5500,3,1000,550000,5500000,140.532589,0.021020,0.499651,141.053615,99.63,0.37,Tesla T4,2025-08-27 12:56:02,2025-08-27 12:58:23,1.473166e+08,15642329088,15523905536,118423552,11027611648,4614717440,29.50
5500,4,1000,550000,5500000,138.827882,0.021599,0.499915,139.349712,99.63,0.37,Tesla T4,2025-08-27 12:58:24,2025-08-27 13:00:43,1.473166e+08,15642329088,15523905536,118423552,11027611648,4614717440,29.50
5500,5,1000,550000,5500000,138.696321,0.020345,0.524584,139.241561,99.61,0.39,Tesla T4,2025-08-27 13:00:44,2025-08-27 13:03:03,1.473166e+08,15642329088,15523905536,118423552,11027611648,4614717440,29.50
5500,6,1000,550000,5500000,138.064697,0.021517,0.496528,138.583021,99.63,0.37,Tesla T4,2025-08-27 13:03:04,2025-08-27 13:05:23,1.473166e+08,15642329088,15523905536,118423552,11027611648,4614717440,29.50
5500,7,1000,550000,5500000,138.176758,0.019774,0.492232,138.689065,99.63,0.37,Tesla T4,2025-08-27 13:05:23,2025-08-27 13:07:42,1.473166e+08,15642329088,15523905536,118423552,11027611648,4614717440,29.50
5500,8,1000,550000,5500000,138.199338,0.020474,0.495671,138.715788,99.63,0.37,Tesla T4,2025-08-27 13:07:43,2025-08-27 13:10:02,1.473166e+08,15642329088,15523905536,118423552,11027611648,4614717440,29.50
5750,1,1000,575000,5750000,144.588488,0.020417,0.538165,145.147374,99.61,0.39,Tesla T4,2025-08-27 13:10:03,2025-08-27 13:12:28,1.567185e+08,15642329088,15523905536,118423552,10826285056,4816044032,30.79
5750,2,1000,575000,5750000,144.903258,0.022908,0.521185,145.447650,99.63,0.37,Tesla T4,2025-08-27 13:12:29,2025-08-27 13:14:54,1.567185e+08,15642329088,15523905536,118423552,10826285056,4816044032,30.79
5750,3,1000,575000,5750000,144.977837,0.022101,0.522567,145.522788,99.63,0.37,Tesla T4,2025-08-27 13:14:55,2025-08-27 13:17:20,1.567185e+08,15642329088,15523905536,118423552,10826285056,4816044032,30.79
5750,4,1000,575000,5750000,144.887389,0.022049,0.515079,145.424782,99.63,0.37,Tesla T4,2025-08-27 13:17:21,2025-08-27 13:19:47,1.567185e+08,15642329088,15523905536,118423552,10826285056,4816044032,30.79
5750,5,1000,575000,5750000,143.569358,0.021225,0.525044,144.115960,99.62,0.38,Tesla T4,2025-08-27 13:19:47,2025-08-27 13:22:12,1.567185e+08,15642329088,15523905536,118423552,10826285056,4816044032,30.79
5750,6,1000,575000,5750000,145.286388,0.022472,0.515222,145.824404,99.63,0.37,Tesla T4,2025-08-27 13:22:12,2025-08-27 13:24:38,1.567185e+08,15642329088,15523905536,118423552,10826285056,4816044032,30.79
5750,7,1000,575000,5750000,143.805939,0.022359,0.635940,144.464557,99.54,0.46,Tesla T4,2025-08-27 13:24:39,2025-08-27 13:27:04,1.567185e+08,15642329088,15523905536,118423552,10826285056,4816044032,30.79
5750,8,1000,575000,5750000,147.723857,0.020927,0.546270,148.291378,99.62,0.38,Tesla T4,2025-08-27 13:27:04,2025-08-27 13:29:33,1.567185e+08,15642329088,15523905536,118423552,10826285056,4816044032,30.79
6000,1,1000,600000,6000000,153.535690,0.024070,0.555611,154.115730,99.62,0.38,Tesla T4,2025-08-27 13:29:33,2025-08-27 13:32:08,1.612142e+08,15642329088,15523905536,118423552,10624958464,5017370624,32.08
6000,2,1000,600000,6000000,154.538695,0.025165,0.558367,155.122542,99.62,0.38,Tesla T4,2025-08-27 13:32:08,2025-08-27 13:34:44,1.612142e+08,15642329088,15523905536,118423552,10624958464,5017370624,32.08
6000,3,1000,600000,6000000,155.621979,0.031631,0.542612,156.196552,99.63,0.37,Tesla T4,2025-08-27 13:34:44,2025-08-27 13:37:21,1.612142e+08,15642329088,15523905536,118423552,10624958464,5017370624,32.08
6000,4,1000,600000,6000000,154.533223,0.026213,0.544831,155.104596,99.63,0.37,Tesla T4,2025-08-27 13:37:21,2025-08-27 13:39:57,1.612142e+08,15642329088,15523905536,118423552,10624958464,5017370624,32.08
6000,5,1000,600000,6000000,154.281617,0.024379,0.631158,154.937470,99.58,0.42,Tesla T4,2025-08-27 13:39:57,2025-08-27 13:42:32,1.612142e+08,15642329088,15523905536,118423552,10624958464,5017370624,32.08
6000,6,1000,600000,6000000,153.855096,0.023786,0.539023,154.418210,99.64,0.36,Tesla T4,2025-08-27 13:42:33,2025-08-27 13:45:08,1.612142e+08,15642329088,15523905536,118423552,10624958464,5017370624,32.08
6000,7,1000,600000,6000000,153.850070,0.024305,0.546805,154.421492,99.63,0.37,Tesla T4,2025-08-27 13:45:08,2025-08-27 13:47:43,1.612142e+08,15642329088,15523905536,118423552,10624958464,5017370624,32.08
6000,8,1000,600000,6000000,156.192022,0.022427,0.549239,156.764025,99.64,0.36,Tesla T4,2025-08-27 13:47:44,2025-08-27 13:50:20,1.612142e+08,15642329088,15523905536,118423552,10624958464,5017370624,32.08
6250,1,1000,625000,6250000,161.616832,0.025913,0.565844,162.208918,99.63,0.37,Tesla T4,2025-08-27 13:50:21,2025-08-27 13:53:03,1.636095e+08,15642329088,15523905536,118423552,10423631872,5218697216,33.36
6250,2,1000,625000,6250000,161.488242,0.023880,0.571700,162.084162,99.63,0.37,Tesla T4,2025-08-27 13:53:04,2025-08-27 13:55:46,1.636095e+08,15642329088,15523905536,118423552,10423631872,5218697216,33.36
6250,3,1000,625000,6250000,161.529829,0.026388,0.572747,162.129295,99.63,0.37,Tesla T4,2025-08-27 13:55:47,2025-08-27 13:58:29,1.636095e+08,15642329088,15523905536,118423552,10423631872,5218697216,33.36
6250,4,1000,625000,6250000,161.348905,0.028160,0.589517,161.966912,99.62,0.38,Tesla T4,2025-08-27 13:58:30,2025-08-27 14:01:12,1.636095e+08,15642329088,15523905536,118423552,10423631872,5218697216,33.36
6250,5,1000,625000,6250000,161.740201,0.025841,0.569408,162.335772,99.63,0.37,Tesla T4,2025-08-27 14:01:13,2025-08-27 14:03:55,1.636095e+08,15642329088,15523905536,118423552,10423631872,5218697216,33.36
6250,6,1000,625000,6250000,161.524669,0.022491,0.574786,162.122223,99.63,0.37,Tesla T4,2025-08-27 14:03:56,2025-08-27 14:06:38,1.636095e+08,15642329088,15523905536,118423552,10423631872,5218697216,33.36
6250,7,1000,625000,6250000,161.012082,0.028793,0.571366,161.612610,99.63,0.37,Tesla T4,2025-08-27 14:06:39,2025-08-27 14:09:21,1.636095e+08,15642329088,15523905536,118423552,10423631872,5218697216,33.36
6250,8,1000,625000,6250000,163.918907,0.025616,0.581624,164.526469,99.63,0.37,Tesla T4,2025-08-27 14:09:22,2025-08-27 14:12:06,1.636095e+08,15642329088,15523905536,118423552,10423631872,5218697216,33.36
6500,1,1000,650000,6500000,170.724505,0.029216,0.601844,171.355903,99.63,0.37,Tesla T4,2025-08-27 14:12:07,2025-08-27 14:14:58,1.666209e+08,15642329088,15523905536,118423552,10222305280,5420023808,34.65
6500,2,1000,650000,6500000,170.242241,0.026311,0.590722,170.859577,99.64,0.36,Tesla T4,2025-08-27 14:14:59,2025-08-27 14:17:50,1.666209e+08,15642329088,15523905536,118423552,10222305280,5420023808,34.65
6500,3,1000,650000,6500000,169.155659,0.027411,0.661293,169.844662,99.59,0.41,Tesla T4,2025-08-27 14:17:51,2025-08-27 14:20:41,1.666209e+08,15642329088,15523905536,118423552,10222305280,5420023808,34.65
6500,4,1000,650000,6500000,168.986849,0.026795,0.591874,169.605875,99.64,0.36,Tesla T4,2025-08-27 14:20:42,2025-08-27 14:23:31,1.666209e+08,15642329088,15523905536,118423552,10222305280,5420023808,34.65
6500,5,1000,650000,6500000,170.805480,0.026594,0.583835,171.416213,99.64,0.36,Tesla T4,2025-08-27 14:23:32,2025-08-27 14:26:23,1.666209e+08,15642329088,15523905536,118423552,10222305280,5420023808,34.65
6500,6,1000,650000,6500000,172.163325,0.024485,0.612817,172.801024,99.63,0.37,Tesla T4,2025-08-27 14:26:24,2025-08-27 14:29:17,1.666209e+08,15642329088,15523905536,118423552,10222305280,5420023808,34.65
6500,7,1000,650000,6500000,171.149455,0.028695,0.583531,171.762017,99.64,0.36,Tesla T4,2025-08-27 14:29:18,2025-08-27 14:32:10,1.666209e+08,15642329088,15523905536,118423552,10222305280,5420023808,34.65
6500,8,1000,650000,6500000,169.189837,0.024557,0.653373,169.868064,99.60,0.40,Tesla T4,2025-08-27 14:32:11,2025-08-27 14:35:01,1.666209e+08,15642329088,15523905536,118423552,10222305280,5420023808,34.65
6750,1,1000,675000,6750000,178.137666,0.028082,0.599912,178.765937,99.65,0.35,Tesla T4,2025-08-27 14:35:01,2025-08-27 14:38:00,1.701717e+08,15642329088,15523905536,118423552,10020978688,5621350400,35.94
6750,2,1000,675000,6750000,177.796667,0.025161,0.618187,178.443456,99.64,0.36,Tesla T4,2025-08-27 14:38:01,2025-08-27 14:41:00,1.701717e+08,15642329088,15523905536,118423552,10020978688,5621350400,35.94
6750,3,1000,675000,6750000,178.530295,0.028112,0.609594,179.168312,99.64,0.36,Tesla T4,2025-08-27 14:41:00,2025-08-27 14:44:00,1.701717e+08,15642329088,15523905536,118423552,10020978688,5621350400,35.94
6750,4,1000,675000,6750000,179.535853,0.024327,0.625011,180.185526,99.64,0.36,Tesla T4,2025-08-27 14:44:00,2025-08-27 14:47:01,1.701717e+08,15642329088,15523905536,118423552,10020978688,5621350400,35.94
6750,5,1000,675000,6750000,180.440176,0.028924,0.598620,181.068026,99.65,0.35,Tesla T4,2025-08-27 14:47:01,2025-08-27 14:50:03,1.701717e+08,15642329088,15523905536,118423552,10020978688,5621350400,35.94
6750,6,1000,675000,6750000,177.902213,0.026437,0.618648,178.547606,99.64,0.36,Tesla T4,2025-08-27 14:50:03,2025-08-27 14:53:02,1.701717e+08,15642329088,15523905536,118423552,10020978688,5621350400,35.94
6750,7,1000,675000,6750000,178.524861,0.030604,0.602984,179.158717,99.65,0.35,Tesla T4,2025-08-27 14:53:03,2025-08-27 14:56:02,1.701717e+08,15642329088,15523905536,118423552,10020978688,5621350400,35.94
6750,8,1000,675000,6750000,178.129844,0.024896,0.612347,178.767354,99.64,0.36,Tesla T4,2025-08-27 14:56:03,2025-08-27 14:59:02,1.701717e+08,15642329088,15523905536,118423552,10020978688,5621350400,35.94
7000,1,1000,700000,7000000,188.114608,0.026005,0.733632,188.874546,99.60,0.40,Tesla T4,2025-08-27 14:59:03,2025-08-27 15:02:11,1.742836e+08,15642329088,15523905536,118423552,9819652096,5822676992,37.22
7000,2,1000,700000,7000000,187.458163,0.030241,0.633903,188.122624,99.65,0.35,Tesla T4,2025-08-27 15:02:12,2025-08-27 15:05:21,1.742836e+08,15642329088,15523905536,118423552,9819652096,5822676992,37.22
7000,3,1000,700000,7000000,187.650096,0.024903,0.645689,188.321021,99.64,0.36,Tesla T4,2025-08-27 15:05:21,2025-08-27 15:08:30,1.742836e+08,15642329088,15523905536,118423552,9819652096,5822676992,37.22
7000,4,1000,700000,7000000,187.165587,0.030960,0.646975,187.843797,99.64,0.36,Tesla T4,2025-08-27 15:08:31,2025-08-27 15:11:38,1.742836e+08,15642329088,15523905536,118423552,9819652096,5822676992,37.22
7000,5,1000,700000,7000000,186.484361,0.027869,0.643630,187.156209,99.64,0.36,Tesla T4,2025-08-27 15:11:39,2025-08-27 15:14:47,1.742836e+08,15642329088,15523905536,118423552,9819652096,5822676992,37.22
7000,6,1000,700000,7000000,188.006860,0.027883,0.635734,188.670767,99.65,0.35,Tesla T4,2025-08-27 15:14:47,2025-08-27 15:17:56,1.742836e+08,15642329088,15523905536,118423552,9819652096,5822676992,37.22
7000,7,1000,700000,7000000,187.239965,0.026968,0.661151,187.928379,99.63,0.37,Tesla T4,2025-08-27 15:17:57,2025-08-27 15:21:05,1.742836e+08,15642329088,15523905536,118423552,9819652096,5822676992,37.22
7000,8,1000,700000,7000000,187.848503,0.026588,0.658688,188.534077,99.64,0.36,Tesla T4,2025-08-27 15:21:06,2025-08-27 15:24:14,1.742836e+08,15642329088,15523905536,118423552,9819652096,5822676992,37.22
7250,1,1000,725000,7250000,201.028223,0.027764,0.670718,201.727058,99.65,0.35,Tesla T4,2025-08-27 15:24:15,2025-08-27 15:27:37,1.791583e+08,15642329088,15523905536,118423552,9618325504,6024003584,38.51
7250,2,1000,725000,7250000,198.774681,0.027410,0.703039,199.505459,99.63,0.37,Tesla T4,2025-08-27 15:27:38,2025-08-27 15:30:57,1.791583e+08,15642329088,15523905536,118423552,9618325504,6024003584,38.51
7250,3,1000,725000,7250000,197.216080,0.026089,0.639500,197.881971,99.66,0.34,Tesla T4,2025-08-27 15:30:58,2025-08-27 15:34:16,1.791583e+08,15642329088,15523905536,118423552,9618325504,6024003584,38.51
7250,4,1000,725000,7250000,195.153935,0.028994,0.660072,195.843329,99.65,0.35,Tesla T4,2025-08-27 15:34:17,2025-08-27 15:37:33,1.791583e+08,15642329088,15523905536,118423552,9618325504,6024003584,38.51
7250,5,1000,725000,7250000,194.555904,0.027421,0.643882,195.227500,99.66,0.34,Tesla T4,2025-08-27 15:37:34,2025-08-27 15:40:49,1.791583e+08,15642329088,15523905536,118423552,9618325504,6024003584,38.51
7250,6,1000,725000,7250000,195.463207,0.030486,0.646491,196.140485,99.65,0.35,Tesla T4,2025-08-27 15:40:50,2025-08-27 15:44:06,1.791583e+08,15642329088,15523905536,118423552,9618325504,6024003584,38.51
7250,7,1000,725000,7250000,194.193424,0.027464,0.642025,194.863194,99.66,0.34,Tesla T4,2025-08-27 15:44:07,2025-08-27 15:47:22,1.791583e+08,15642329088,15523905536,118423552,9618325504,6024003584,38.51
7250,8,1000,725000,7250000,194.958692,0.025899,0.662500,195.647370,99.65,0.35,Tesla T4,2025-08-27 15:47:23,2025-08-27 15:50:39,1.791583e+08,15642329088,15523905536,118423552,9618325504,6024003584,38.51
7500,1,1000,750000,7500000,203.736178,0.029121,0.661012,204.426621,99.66,0.34,Tesla T4,2025-08-27 15:50:39,2025-08-27 15:54:04,1.843256e+08,15642329088,15523905536,118423552,9416998912,6225330176,39.80
7500,2,1000,750000,7500000,204.077411,0.032452,0.700957,204.811120,99.64,0.36,Tesla T4,2025-08-27 15:54:05,2025-08-27 15:57:30,1.843256e+08,15642329088,15523905536,118423552,9416998912,6225330176,39.80
7500,3,1000,750000,7500000,204.399380,0.028941,0.687770,205.116455,99.65,0.35,Tesla T4,2025-08-27 15:57:30,2025-08-27 16:00:56,1.843256e+08,15642329088,15523905536,118423552,9416998912,6225330176,39.80
7500,4,1000,750000,7500000,208.168860,0.028155,0.690589,208.887946,99.66,0.34,Tesla T4,2025-08-27 16:00:57,2025-08-27 16:04:25,1.843256e+08,15642329088,15523905536,118423552,9416998912,6225330176,39.80
7500,5,1000,750000,7500000,204.114168,0.033515,0.671792,204.819777,99.66,0.34,Tesla T4,2025-08-27 16:04:26,2025-08-27 16:07:51,1.843256e+08,15642329088,15523905536,118423552,9416998912,6225330176,39.80
7500,6,1000,750000,7500000,206.589808,0.032412,0.678326,207.300833,99.66,0.34,Tesla T4,2025-08-27 16:07:52,2025-08-27 16:11:19,1.843256e+08,15642329088,15523905536,118423552,9416998912,6225330176,39.80
7500,7,1000,750000,7500000,206.346544,0.027803,0.679154,207.053828,99.66,0.34,Tesla T4,2025-08-27 16:11:20,2025-08-27 16:14:47,1.843256e+08,15642329088,15523905536,118423552,9416998912,6225330176,39.80
7500,8,1000,750000,7500000,205.955096,0.027093,0.688736,206.671262,99.65,0.35,Tesla T4,2025-08-27 16:14:48,2025-08-27 16:18:15,1.843256e+08,15642329088,15523905536,118423552,9416998912,6225330176,39.80
7750,1,1000,775000,7750000,214.167520,0.030284,0.697805,214.895886,99.66,0.34,Tesla T4,2025-08-27 16:18:16,2025-08-27 16:21:51,1.898208e+08,15642329088,15523905536,118423552,9215672320,6426656768,41.09
7750,2,1000,775000,7750000,213.724923,0.036668,0.713774,214.475645,99.65,0.35,Tesla T4,2025-08-27 16:21:52,2025-08-27 16:25:26,1.898208e+08,15642329088,15523905536,118423552,9215672320,6426656768,41.09
7750,3,1000,775000,7750000,218.552209,0.033859,0.798326,219.384723,99.62,0.38,Tesla T4,2025-08-27 16:25:27,2025-08-27 16:29:07,1.898208e+08,15642329088,15523905536,118423552,9215672320,6426656768,41.09
7750,4,1000,775000,7750000,214.500300,0.032593,0.796471,215.329690,99.61,0.39,Tesla T4,2025-08-27 16:29:08,2025-08-27 16:32:43,1.898208e+08,15642329088,15523905536,118423552,9215672320,6426656768,41.09
7750,5,1000,775000,7750000,212.915952,0.027781,0.703868,213.647902,99.66,0.34,Tesla T4,2025-08-27 16:32:44,2025-08-27 16:36:18,1.898208e+08,15642329088,15523905536,118423552,9215672320,6426656768,41.09
7750,6,1000,775000,7750000,216.835668,0.031826,0.727817,217.595638,99.65,0.35,Tesla T4,2025-08-27 16:36:19,2025-08-27 16:39:56,1.898208e+08,15642329088,15523905536,118423552,9215672320,6426656768,41.09
7750,7,1000,775000,7750000,215.687077,0.035791,0.692515,216.415702,99.66,0.34,Tesla T4,2025-08-27 16:39:57,2025-08-27 16:43:33,1.898208e+08,15642329088,15523905536,118423552,9215672320,6426656768,41.09
7750,8,1000,775000,7750000,214.552523,0.030912,0.723568,215.307381,99.65,0.35,Tesla T4,2025-08-27 16:43:34,2025-08-27 16:47:10,1.898208e+08,15642329088,15523905536,118423552,9215672320,6426656768,41.09
8000,1,1000,800000,8000000,224.393562,0.030570,0.724836,225.149302,99.66,0.34,Tesla T4,2025-08-27 16:47:11,2025-08-27 16:50:56,1.956400e+08,15642329088,15523905536,118423552,9014345728,6627983360,42.37
8000,2,1000,800000,8000000,224.513231,0.034638,0.757426,225.305627,99.65,0.35,Tesla T4,2025-08-27 16:50:57,2025-08-27 16:54:42,1.956400e+08,15642329088,15523905536,118423552,9014345728,6627983360,42.37
8000,3,1000,800000,8000000,224.279276,0.031981,0.795846,225.107427,99.63,0.37,Tesla T4,2025-08-27 16:54:43,2025-08-27 16:58:28,1.956400e+08,15642329088,15523905536,118423552,9014345728,6627983360,42.37
8000,4,1000,800000,8000000,222.890681,0.028083,0.751083,223.670117,99.65,0.35,Tesla T4,2025-08-27 16:58:29,2025-08-27 17:02:13,1.956400e+08,15642329088,15523905536,118423552,9014345728,6627983360,42.37
8000,5,1000,800000,8000000,224.033160,0.029693,0.728103,224.791244,99.66,0.34,Tesla T4,2025-08-27 17:02:14,2025-08-27 17:05:59,1.956400e+08,15642329088,15523905536,118423552,9014345728,6627983360,42.37
8000,6,1000,800000,8000000,222.069019,0.030960,0.724036,222.824598,99.66,0.34,Tesla T4,2025-08-27 17:06:00,2025-08-27 17:09:42,1.956400e+08,15642329088,15523905536,118423552,9014345728,6627983360,42.37
8000,7,1000,800000,8000000,222.623351,0.032035,0.731085,223.386804,99.66,0.34,Tesla T4,2025-08-27 17:09:43,2025-08-27 17:13:27,1.956400e+08,15642329088,15523905536,118423552,9014345728,6627983360,42.37
8000,8,1000,800000,8000000,228.769237,0.026995,0.743313,229.539907,99.66,0.34,Tesla T4,2025-08-27 17:13:28,2025-08-27 17:17:17,1.956400e+08,15642329088,15523905536,118423552,9014345728,6627983360,42.37
8250,1,1000,825000,8250000,236.325482,0.029845,0.727747,237.083431,99.68,0.32,Tesla T4,2025-08-27 17:17:18,2025-08-27 17:21:15,2.017706e+08,15642329088,15523905536,118423552,8813019136,6829309952,43.66
8250,2,1000,825000,8250000,234.772491,0.029223,0.773214,235.575247,99.66,0.34,Tesla T4,2025-08-27 17:21:16,2025-08-27 17:25:12,2.017706e+08,15642329088,15523905536,118423552,8813019136,6829309952,43.66
8250,3,1000,825000,8250000,238.750687,0.026292,0.759122,239.536448,99.67,0.33,Tesla T4,2025-08-27 17:25:13,2025-08-27 17:29:13,2.017706e+08,15642329088,15523905536,118423552,8813019136,6829309952,43.66
8250,4,1000,825000,8250000,239.577166,0.030482,0.744408,240.352401,99.68,0.32,Tesla T4,2025-08-27 17:29:14,2025-08-27 17:33:14,2.017706e+08,15642329088,15523905536,118423552,8813019136,6829309952,43.66
8250,5,1000,825000,8250000,234.049271,0.027502,0.834711,234.911793,99.63,0.37,Tesla T4,2025-08-27 17:33:15,2025-08-27 17:37:10,2.017706e+08,15642329088,15523905536,118423552,8813019136,6829309952,43.66
8250,6,1000,825000,8250000,232.347436,0.027592,0.821321,233.196651,99.64,0.36,Tesla T4,2025-08-27 17:37:11,2025-08-27 17:41:04,2.017706e+08,15642329088,15523905536,118423552,8813019136,6829309952,43.66
8250,7,1000,825000,8250000,235.499351,0.031937,0.756358,236.288191,99.67,0.33,Tesla T4,2025-08-27 17:41:05,2025-08-27 17:45:01,2.017706e+08,15642329088,15523905536,118423552,8813019136,6829309952,43.66
8250,8,1000,825000,8250000,238.350130,0.031176,0.747146,239.128789,99.67,0.33,Tesla T4,2025-08-27 17:45:02,2025-08-27 17:49:01,2.017706e+08,15642329088,15523905536,118423552,8813019136,6829309952,43.66
8500,1,1000,850000,8500000,250.198499,0.029279,0.780699,251.008860,99.68,0.32,Tesla T4,2025-08-27 17:49:02,2025-08-27 17:53:13,2.081985e+08,15642329088,15523905536,118423552,8611692544,7030636544,44.95
8500,2,1000,850000,8500000,254.589370,0.034114,0.799322,255.423150,99.67,0.33,Tesla T4,2025-08-27 17:53:14,2025-08-27 17:57:30,2.081985e+08,15642329088,15523905536,118423552,8611692544,7030636544,44.95
8500,3,1000,850000,8500000,253.954484,0.040227,0.779697,254.774721,99.68,0.32,Tesla T4,2025-08-27 17:57:31,2025-08-27 18:01:46,2.081985e+08,15642329088,15523905536,118423552,8611692544,7030636544,44.95
8500,4,1000,850000,8500000,250.318988,0.039491,0.779358,251.138244,99.67,0.33,Tesla T4,2025-08-27 18:01:47,2025-08-27 18:05:58,2.081985e+08,15642329088,15523905536,118423552,8611692544,7030636544,44.95
8500,5,1000,850000,8500000,248.141271,0.030282,0.786024,248.957891,99.67,0.33,Tesla T4,2025-08-27 18:05:59,2025-08-27 18:10:08,2.081985e+08,15642329088,15523905536,118423552,8611692544,7030636544,44.95
8500,6,1000,850000,8500000,249.089644,0.032275,0.795628,249.917874,99.67,0.33,Tesla T4,2025-08-27 18:10:09,2025-08-27 18:14:19,2.081985e+08,15642329088,15523905536,118423552,8611692544,7030636544,44.95
8500,7,1000,850000,8500000,248.197089,0.027318,0.781535,249.006243,99.68,0.32,Tesla T4,2025-08-27 18:14:20,2025-08-27 18:18:29,2.081985e+08,15642329088,15523905536,118423552,8611692544,7030636544,44.95
8500,8,1000,850000,8500000,247.720711,0.031140,0.774854,248.527072,99.68,0.32,Tesla T4,2025-08-27 18:18:30,2025-08-27 18:22:38,2.081985e+08,15642329088,15523905536,118423552,8611692544,7030636544,44.95
8750,1,1000,875000,8750000,256.777286,0.033171,0.774520,257.585259,99.69,0.31,Tesla T4,2025-08-27 18:22:39,2025-08-27 18:26:57,2.149055e+08,15642329088,15523905536,118423552,8410365952,7231963136,46.23
8750,2,1000,875000,8750000,267.712933,0.032418,0.991973,268.737661,99.62,0.38,Tesla T4,2025-08-27 18:26:58,2025-08-27 18:31:26,2.149055e+08,15642329088,15523905536,118423552,8410365952,7231963136,46.23
8750,3,1000,875000,8750000,258.771754,0.032231,0.785669,259.590001,99.68,0.32,Tesla T4,2025-08-27 18:31:28,2025-08-27 18:35:47,2.149055e+08,15642329088,15523905536,118423552,8410365952,7231963136,46.23
8750,4,1000,875000,8750000,257.979352,0.032948,0.771948,258.784553,99.69,0.31,Tesla T4,2025-08-27 18:35:48,2025-08-27 18:40:07,2.149055e+08,15642329088,15523905536,118423552,8410365952,7231963136,46.23
8750,5,1000,875000,8750000,257.159197,0.030567,0.777141,257.967198,99.69,0.31,Tesla T4,2025-08-27 18:40:08,2025-08-27 18:44:26,2.149055e+08,15642329088,15523905536,118423552,8410365952,7231963136,46.23
8750,6,1000,875000,8750000,258.727380,0.029484,0.870137,259.627356,99.65,0.35,Tesla T4,2025-08-27 18:44:27,2025-08-27 18:48:47,2.149055e+08,15642329088,15523905536,118423552,8410365952,7231963136,46.23
8750,7,1000,875000,8750000,258.017311,0.030440,0.773621,258.821734,99.69,0.31,Tesla T4,2025-08-27 18:48:48,2025-08-27 18:53:06,2.149055e+08,15642329088,15523905536,118423552,8410365952,7231963136,46.23
8750,8,1000,875000,8750000,255.896020,0.027895,0.876151,256.800428,99.65,0.35,Tesla T4,2025-08-27 18:53:07,2025-08-27 18:57:24,2.149055e+08,15642329088,15523905536,118423552,8410365952,7231963136,46.23
9000,1,1000,900000,9000000,270.405039,0.030549,0.809776,271.245899,99.69,0.31,Tesla T4,2025-08-27 18:57:25,2025-08-27 19:01:56,2.218690e+08,15642329088,15523905536,118423552,8209039360,7433289728,47.52
9000,2,1000,900000,9000000,272.923462,0.028425,0.834091,273.786307,99.68,0.32,Tesla T4,2025-08-27 19:01:57,2025-08-27 19:06:31,2.218690e+08,15642329088,15523905536,118423552,8209039360,7433289728,47.52
9000,3,1000,900000,9000000,270.854841,0.036121,0.904300,271.795643,99.65,0.35,Tesla T4,2025-08-27 19:06:32,2025-08-27 19:11:04,2.218690e+08,15642329088,15523905536,118423552,8209039360,7433289728,47.52
9000,4,1000,900000,9000000,269.654648,0.029726,0.813237,270.497962,99.69,0.31,Tesla T4,2025-08-27 19:11:05,2025-08-27 19:15:36,2.218690e+08,15642329088,15523905536,118423552,8209039360,7433289728,47.52
9000,5,1000,900000,9000000,269.812656,0.039281,0.877152,270.729420,99.66,0.34,Tesla T4,2025-08-27 19:15:37,2025-08-27 19:20:07,2.218690e+08,15642329088,15523905536,118423552,8209039360,7433289728,47.52
9000,6,1000,900000,9000000,270.002251,0.029033,0.832425,270.864036,99.68,0.32,Tesla T4,2025-08-27 19:20:08,2025-08-27 19:24:39,2.218690e+08,15642329088,15523905536,118423552,8209039360,7433289728,47.52
9000,7,1000,900000,9000000,274.462494,0.036187,1.055378,275.554451,99.60,0.40,Tesla T4,2025-08-27 19:24:40,2025-08-27 19:29:16,2.218690e+08,15642329088,15523905536,118423552,8209039360,7433289728,47.52
9000,8,1000,900000,9000000,273.916017,0.034551,0.846556,274.797441,99.68,0.32,Tesla T4,2025-08-27 19:29:17,2025-08-27 19:33:52,2.218690e+08,15642329088,15523905536,118423552,8209039360,7433289728,47.52
9250,1,1000,925000,9250000,280.145068,0.033953,1.005394,281.184754,99.63,0.37,Tesla T4,2025-08-27 19:33:53,2025-08-27 19:38:34,2.290807e+08,15642329088,15523905536,118423552,8007712768,7634616320,48.81
9250,2,1000,925000,9250000,284.633206,0.033202,0.985397,285.652146,99.64,0.36,Tesla T4,2025-08-27 19:38:35,2025-08-27 19:43:21,2.290807e+08,15642329088,15523905536,118423552,8007712768,7634616320,48.81
9250,3,1000,925000,9250000,279.821670,0.031599,0.830284,280.683868,99.69,0.31,Tesla T4,2025-08-27 19:43:22,2025-08-27 19:48:02,2.290807e+08,15642329088,15523905536,118423552,8007712768,7634616320,48.81
9250,4,1000,925000,9250000,279.843628,0.031439,1.002909,280.878339,99.63,0.37,Tesla T4,2025-08-27 19:48:03,2025-08-27 19:52:44,2.290807e+08,15642329088,15523905536,118423552,8007712768,7634616320,48.81
9250,5,1000,925000,9250000,281.550361,0.034137,0.828466,282.413285,99.69,0.31,Tesla T4,2025-08-27 19:52:45,2025-08-27 19:57:28,2.290807e+08,15642329088,15523905536,118423552,8007712768,7634616320,48.81
9250,6,1000,925000,9250000,281.229297,0.033922,0.846651,282.110193,99.69,0.31,Tesla T4,2025-08-27 19:57:29,2025-08-27 20:02:11,2.290807e+08,15642329088,15523905536,118423552,8007712768,7634616320,48.81
9250,7,1000,925000,9250000,283.148096,0.034940,0.842216,284.025572,99.69,0.31,Tesla T4,2025-08-27 20:02:12,2025-08-27 20:06:56,2.290807e+08,15642329088,15523905536,118423552,8007712768,7634616320,48.81
9250,8,1000,925000,9250000,279.213888,0.036498,0.828225,280.078983,99.69,0.31,Tesla T4,2025-08-27 20:06:57,2025-08-27 20:11:37,2.290807e+08,15642329088,15523905536,118423552,8007712768,7634616320,48.81
9500,1,1000,950000,9500000,290.397648,0.035872,0.870065,291.303883,99.69,0.31,Tesla T4,2025-08-27 20:11:38,2025-08-27 20:16:30,2.365321e+08,15642329088,15523905536,118423552,7806386176,7835942912,50.09
9500,2,1000,950000,9500000,294.217883,0.034680,0.867255,295.120124,99.69,0.31,Tesla T4,2025-08-27 20:16:31,2025-08-27 20:21:26,2.365321e+08,15642329088,15523905536,118423552,7806386176,7835942912,50.09
9500,3,1000,950000,9500000,296.528477,0.038107,0.875732,297.442660,99.69,0.31,Tesla T4,2025-08-27 20:21:27,2025-08-27 20:26:24,2.365321e+08,15642329088,15523905536,118423552,7806386176,7835942912,50.09
9500,4,1000,950000,9500000,297.988246,0.039215,0.915489,298.943324,99.68,0.32,Tesla T4,2025-08-27 20:26:26,2025-08-27 20:31:24,2.365321e+08,15642329088,15523905536,118423552,7806386176,7835942912,50.09
9500,5,1000,950000,9500000,292.778124,0.035118,1.006222,293.819809,99.65,0.35,Tesla T4,2025-08-27 20:31:26,2025-08-27 20:36:19,2.365321e+08,15642329088,15523905536,118423552,7806386176,7835942912,50.09
9500,6,1000,950000,9500000,292.041194,0.032124,0.849312,292.923008,99.70,0.30,Tesla T4,2025-08-27 20:36:21,2025-08-27 20:41:13,2.365321e+08,15642329088,15523905536,118423552,7806386176,7835942912,50.09
9500,7,1000,950000,9500000,291.371180,0.032451,0.870129,292.274087,99.69,0.31,Tesla T4,2025-08-27 20:41:14,2025-08-27 20:46:07,2.365321e+08,15642329088,15523905536,118423552,7806386176,7835942912,50.09
9500,8,1000,950000,9500000,293.744766,0.030147,0.887597,294.662835,99.69,0.31,Tesla T4,2025-08-27 20:46:08,2025-08-27 20:51:02,2.365321e+08,15642329088,15523905536,118423552,7806386176,7835942912,50.09
